uid,PublishDate,Type,Title,Platforms,CSA,Objective,SourceCategory,Campaign,Status,Notes
item-0001-6fa13cbd,2026-01-01,Campaign,元旦,,Others,Awareness – Broad Reach,Local Stakeholder,元旦,Planned,Campaign/event imported from FY27 Operation Calendar 2026-01
item-0002-3dd7dedc,2026-01-05,Post,9-5 财务经理,WeChat Video,AI Business Solutions,Consideration – Product Education,Global Content Localization,,Planned,Imported from 2026 JAN
item-0003-a25718ee,2026-01-06,Post,CES新闻稿,WeChat,AI Business Solutions,Awareness – Broad reach – mindshare,Local Stakeholder,,Planned,Imported from 2026 JAN
item-0004-acf3b03c,2026-01-06,Post,Voice turns Microsoft 365 Copilot into your thought partner,WeChat Video,AI Business Solutions,Consideration – Product Education,Global Content Localization,,Planned,Imported from 2026 JAN
item-0005-4227eee1,2026-01-06,Post,你更喜欢居家办公还是去办公室？,Douyin,AI Business Solutions,Awareness – Fan Building,Global Content Localization,,Planned,Imported from 2026 JAN
item-0006-c6b2cb5c,2026-01-07,Post,Copilot Skilling Series 06,"WeChat Video, Toutiao, Bilibili, Douyin",AI Business Solutions,Consideration – Product Education,Local Stakeholder,,Planned,Imported from 2026 JAN
item-0007-8a7d3e88,2026-01-07,Post,Copilot 新功能 - Copilot Voice,WeChat,AI Business Solutions,Consideration – Product Education,Global Content Localization,,Planned,Imported from 2026 JAN
item-0008-2c796733,2026-01-08,Post,Researcher with Computer Use,"WeChat Video, Toutiao, Bilibili, Douyin",AI Business Solutions,Consideration – Product Education,Global Content Localization,,Planned,Imported from 2026 JAN
item-0009-9cd04b9f,2026-01-09,Post,微软大咖秀 - 第三期,WeChat Video,AI Business Solutions,Awareness – Advocacy,Local Stakeholder,,Planned,Imported from 2026 JAN
item-0010-8d65feda,2026-01-09,Post,资安讲堂 - MDDR,WeChat,AI Business Solutions,Awareness – Advocacy,Local Creation,,Planned,Imported from 2026 JAN
item-0011-8b9074c7,2026-01-12,Post,Bar-幽灵网,"WeChat Video, Toutiao, Bilibili, Douyin",AI Business Solutions,Awareness – Broad reach – mindshare,Global Content Localization,,Planned,Imported from 2026 JAN
item-0012-238fd081,2026-01-12,Post,HY与真格对谈,WeChat,AI Business Solutions,Awareness – Broad reach – mindshare,Local Stakeholder,,Planned,Imported from 2026 JAN
item-0013-34688e16,2026-01-13,Post,AI Hours,WeChat,AI Business Solutions,Awareness – Broad reach – mindshare,Local Stakeholder,,Planned,Imported from 2026 JAN
item-0014-dc9955c0,2026-01-13,Post,How to Write Good Prompts for Useful Results in Word,WeChat Video,AI Business Solutions,Consideration – Product Education,Global Content Localization,,Planned,Imported from 2026 JAN
item-0015-586e1058,2026-01-13,Post,研究院投稿,Bilibili,AI Business Solutions,Consideration – Product Education,Local Stakeholder,,Planned,Imported from 2026 JAN
item-0016-2ddef581,2026-01-14,Post,It’s About Time: The Copilot Usage Report 2025 | Microsoft AI,"WeChat, Douyin",AI Business Solutions,Awareness – Broad reach – mindshare,Global Content Localization,,Planned,Imported from 2026 JAN
item-0017-d97c757f,2026-01-15,Post,AI开放麦 - Prompt EQ第二期,WeChat,AI Business Solutions,Consideration – Product Education,Local Creation,,Planned,Imported from 2026 JAN
item-0018-a9c3cfce,2026-01-15,Post,AI有约-梁岩快问快答,"WeChat Video, Douyin",AI Business Solutions,Awareness – Broad reach – mindshare,Local Stakeholder,,Planned,Imported from 2026 JAN
item-0019-bb83feb1,2026-01-16,Post,Copilot Skilling Series 07,"WeChat Video, Toutiao, Bilibili, Douyin",AI Business Solutions,Consideration – Product Education,Local Stakeholder,,Planned,Imported from 2026 JAN
item-0020-a9e81b11,2026-01-19,Post,Azure AI summit预告,WeChat,AI Business Solutions,Conversion – Traffic,Local Stakeholder,,Planned,Imported from 2026 JAN
item-0021-c886d7b3,2026-01-19,Post,Levi’s is becoming a Frontier Firm,"WeChat Video, Douyin",AI Business Solutions,Awareness – Broad reach – mindshare,Global Content Localization,,Planned,Imported from 2026 JAN
item-0022-d28f0a41,2026-01-20,Post,What’s next in AI: 7 trends to watch in 2026,"WeChat, Douyin",AI Business Solutions,Awareness – Broad reach – mindshare,Global Content Localization,,Planned,Imported from 2026 JAN
item-0023-52463251,2026-01-20,Post,普华永道案例,"WeChat Video, Toutiao, Douyin",AI Business Solutions,Awareness – Broad reach – mindshare,Local Creation,,Planned,Imported from 2026 JAN
item-0024-d9e6f10c,2026-01-21,Post,Copilot Skilling Series 08,"WeChat Video, Toutiao, Douyin",AI Business Solutions,Consideration – Product Education,Local Stakeholder,,Planned,Imported from 2026 JAN
item-0025-111fe772,2026-01-22,Post,AI有约-梁岩深度对谈,"WeChat Video, Douyin",AI Business Solutions,Awareness – Broad reach – mindshare,Local Stakeholder,,Planned,Imported from 2026 JAN
item-0026-3f966dc8,2026-01-22,Post,春节系列1-春节倒计时开始！节前 To‑Do 都排好了!,Douyin,AI Business Solutions,Consideration – Product Education,Local Creation,,Planned,Imported from 2026 JAN
item-0027-eecacf86,2026-01-23,Post,Tiktok原创-Prompt 正确 vs 错误,"WeChat Video, Douyin",AI Business Solutions,Consideration – Product Education,Local Creation,,Planned,Imported from 2026 JAN
item-0028-a7e829b4,2026-01-23,Post,春节系列1-春节倒计时开始！节前 To‑Do 都排好了!,WeChat,AI Business Solutions,Consideration – Product Education,Local Creation,,Planned,Imported from 2026 JAN
item-0029-702d1231,2026-01-25,Post,pending / 预留 - 神马战略合作,WeChat,AI Business Solutions,Awareness – Broad reach – mindshare,Local Stakeholder,,Planned,Imported from 2026 JAN
item-0030-4d45a631,2026-01-26,Post,田老师海报,Bilibili,AI Business Solutions,Awareness – Fan Building,Local Creation,,Planned,Imported from 2026 JAN
item-0031-c5c84e0a,2026-01-26,Post,英矽智能案例,WeChat,AI Business Solutions,Awareness – Broad reach – mindshare,Local Stakeholder,,Planned,Imported from 2026 JAN
item-0032-23aabd53,2026-01-27,Post,If Albert Einstein was around today，he'd be using Researcher,WeChat,AI Business Solutions,Awareness – Broad reach – mindshare,Global Content Localization,,Planned,Imported from 2026 JAN
item-0033-8dd75a5d,2026-01-27,Post,Ignite-Azure Copilot,Toutiao,AI Business Solutions,Consideration – Product Education,Global Content Localization,,Planned,Imported from 2026 JAN
item-0034-16e306be,2026-01-28,Post,Copilot Skilling Series 09,"WeChat Video, Toutiao, Bilibili",AI Business Solutions,Consideration – Product Education,Local Stakeholder,,Planned,Imported from 2026 JAN
item-0035-c97076ab,2026-01-29,Post,AI at Work: 3 new patterns of work define AI-first companies,WeChat,AI Business Solutions,Awareness – Broad reach – mindshare,Global Content Localization,,Planned,Imported from 2026 JAN
item-0036-8cb87c8e,2026-01-30,Post,Microsoft Azure Maia 200: Scott Guthrie EVP,"WeChat Video, Toutiao, Bilibili",AI Business Solutions,Consideration – Product Education,Global Content Localization,,Planned,Imported from 2026 JAN
item-0037-85bf68c5,2026-01-30,Post,微软大咖秀 - 第四期,WeChat Video,AI Business Solutions,Awareness – Advocacy,Local Stakeholder,,Planned,Imported from 2026 JAN
item-0038-c1d9881d,2026-01-30,Post,春节系列2-春节前你一定会用到的职场消息模板（春节前摸鱼）,WeChat,AI Business Solutions,Consideration – Product Education,Local Creation,,Planned,Imported from 2026 JAN
item-0039-4a7a955a,2026-02-02,Post,工作忙碌的同时，不要忘记用copilot,Douyin,AI Business Solutions,Awareness – Fan Building,Global Content Localization,,Planned,Imported from 2026 FEB
item-0040-fe94f4f2,2026-02-03,Post,Office PLUS更新,WeChat,AI Business Solutions,Awareness – Broad reach – mindshare,Local Stakeholder,,Planned,Imported from 2026 FEB
item-0041-f2886ee7,2026-02-03,Post,微软大咖秀 - 第五期,WeChat Video,AI Business Solutions,Awareness – Advocacy,Local Stakeholder,,Planned,Imported from 2026 FEB
item-0042-fde74997,2026-02-04,Post,Copilot Skilling Series 10,"WeChat Video, Toutiao, Bilibili, Douyin",AI Business Solutions,Consideration – Product Education,Local Stakeholder,,Planned,Imported from 2026 FEB
item-0043-91de1f5f,2026-02-04,Post,春节系列3-春节放假通知，也可以好玩一点,"WeChat, Douyin",AI Business Solutions,Consideration – Product Education,Local Creation,,Planned,Imported from 2026 FEB
item-0044-f01fdecf,2026-02-05,Post,AI有约-Roan快问快答,"WeChat Video, Douyin",AI Business Solutions,Awareness – Advocacy,Local Stakeholder,,Planned,Imported from 2026 FEB
item-0045-8331241e,2026-02-05,Post,微软广告年度大会,WeChat,AI Business Solutions,Awareness – Broad reach – mindshare,Local Stakeholder,,Planned,Imported from 2026 FEB
item-0046-347f19d5,2026-02-09,Post,5 time saving Copilot hacks,"WeChat, Douyin",AI Business Solutions,Consideration – Product Education,Global Content/CM Translation,,Planned,Imported from 2026 FEB
item-0047-448bee97,2026-02-09,Post,AI 有约 - Qi话题1：未来的公司会更小，一个人也能完成闭环,WeChat Video,AI Business Solutions,Awareness – Broad reach – mindshare,Local Stakeholder,,Planned,Imported from 2026 FEB
item-0048-57bc589a,2026-02-10,Post,教学如何用copilot理解excel中的复杂公式,"WeChat Video, Douyin",AI Business Solutions,Consideration – Product Education,Global Content Localization,,Planned,Imported from 2026 FEB
item-0049-df671c2a,2026-02-10,Post,春节系列1-春节倒计时开始！节前 To‑Do 都排好了! / +Surface 红包500,WeChat Video,AI Business Solutions,Consideration – Product Education,Local Creation,,Planned,Imported from 2026 FEB
item-0050-a36e082c,2026-02-11,Post,春节系列2-春节前你一定会用到的职场消息模板（春节前摸鱼） / +Surface红包500,WeChat Video,AI Business Solutions,Consideration – Product Education,Local Creation,,Planned,Imported from 2026 FEB
item-0051-e6fea03b,2026-02-11,Post,春节系列4-这个春节红包厚度，你一句话决定,Douyin,AI Business Solutions,Awareness – Fan Building,Local Creation,,Planned,Imported from 2026 FEB
item-0052-544ab772,2026-02-12,Post,AI有约-Roan深度对谈,"WeChat Video, Bilibili, Douyin",AI Business Solutions,Awareness – Broad reach – mindshare,Local Stakeholder,,Planned,Imported from 2026 FEB
item-0053-e73ea0a0,2026-02-12,Post,春节系列3-春节放假通知，也可以好玩一点 / +Surface红包红色500,WeChat Video,AI Business Solutions,Consideration – Product Education,Local Creation,,Planned,Imported from 2026 FEB
item-0054-09103cc7,2026-02-12,Post,春节系列4-这个春节红包厚度，你一句话决定 / +social 红包1500,WeChat,AI Business Solutions,Awareness – Fan Building,Local Creation,,Planned,Imported from 2026 FEB
item-0055-84554768,2026-02-13,Post,Edge 更新新春系列主题 / +Edge红包400/种*3,WeChat,AI Business Solutions,Awareness – Advocacy,Local Stakeholder,,Planned,Imported from 2026 FEB
item-0056-97f1a805,2026-02-13,Post,Qi春节祝福,WeChat Video,AI Business Solutions,Awareness – Broad reach – mindshare,Local Stakeholder,,Planned,Imported from 2026 FEB
item-0057-f358d27e,2026-02-13,Post,Tiktok原创-年夜饭,Douyin,AI Business Solutions,Awareness – Fan Building,Local Creation,,Planned,Imported from 2026 FEB
item-0058-149d42d7,2026-02-13,Post,春节系列4-这个春节红包厚度，你一句话决定 / +Surface红包红色500,WeChat Video,AI Business Solutions,Awareness – Fan Building,Local Creation,,Planned,Imported from 2026 FEB
item-0059-c5e09e33,2026-02-14,Campaign,调休上班,,Others,Awareness – Broad Reach,Local Stakeholder,调休上班,Planned,Campaign/event imported from FY27 Operation Calendar 2026-02
item-0060-19b58f3a,2026-02-14,Post,Tiktok原创-年夜饭 / 500红包,WeChat Video,AI Business Solutions,Awareness – Fan Building,Local Creation,,Planned,Imported from 2026 FEB
item-0061-8c5d6dee,2026-02-16,Campaign,除夕,,Others,Awareness – Broad Reach,Local Stakeholder,除夕,Planned,Campaign/event imported from FY27 Operation Calendar 2026-02
item-0062-9c3981cf,2026-02-25,Post,春节系列5-开年收心10分钟,WeChat,AI Business Solutions,Consideration – Product Education,Local Creation,,Planned,Imported from 2026 FEB
item-0063-8acc2789,2026-02-26,Post,一件趣味Microsoft元素毛衣,Douyin,AI Business Solutions,Awareness – Fan Building,Global Content Localization,,Planned,Imported from 2026 FEB
item-0064-0e06c303,2026-02-26,Post,发票合同核对agent,WeChat Video,AI Business Solutions,Consideration – Product Education,Local Creation,,Planned,Imported from 2026 FEB
item-0065-5e51fe39,2026-02-27,Post,"Microsoft’s strategic AI datacenter planning enables seamless, large-scale NVIDIA Rubin deployments | Microsoft Azure Blog",WeChat,AI Business Solutions,Awareness – Broad reach – mindshare,Global Content Localization,,Planned,Imported from 2026 FEB
item-0066-687b4763,2026-02-27,Post,探索微软实验室的惊奇发现：模拟光学计算机,"WeChat Video, Douyin",AI Business Solutions,Awareness – Broad reach – mindshare,Global Content Localization,,Planned,Imported from 2026 FEB
item-0067-87f461ec,2026-02-28,Campaign,调休上班,,Others,Awareness – Broad Reach,Local Stakeholder,调休上班,Planned,Campaign/event imported from FY27 Operation Calendar 2026-02
item-0068-159df9cd,2026-03-04,Post,AI Tour SH Announcement,"WeChat, Douyin",AI Business Solutions,Conversion – Traffic,Local Creation,,Planned,Imported from 2026 MAR
item-0069-977019c0,2026-03-04,Post,Judson财报案例,"WeChat Video, Toutiao, Bilibili, Douyin",AI Business Solutions,Awareness – Broad reach – mindshare,Global Content Localization,,Planned,Imported from 2026 MAR
item-0070-f003daff,2026-03-05,Post,UN Climate Change partners with Microsoft to create Climate Data Hub,"WeChat Video, Toutiao, Bilibili, Douyin",AI Business Solutions,Awareness – Reputation,Global Content Localization,,Planned,Imported from 2026 MAR
item-0071-d07f9af6,2026-03-08,Post,"女性特辑 - Vickie Zeng, Grace Han, Fei Chen & partners","WeChat, WeChat Video, Toutiao, Douyin",AI Business Solutions,Awareness – Advocacy,Local Stakeholder,,Planned,Imported from 2026 MAR
item-0072-acd97188,2026-03-08,Post,"（完整版）女性特辑 - Vickie Zeng, Grace Han, Fei Chen & partners",Bilibili,AI Business Solutions,Awareness – Broad reach – mindshare,Local Stakeholder,,Planned,Imported from 2026 MAR
item-0073-7750b79a,2026-03-09,Post,How to use Copilot in PowerPoint to Make a Butterfly Presentation | Microsoft 365 - YouTube,"WeChat Video, Toutiao, Bilibili, Douyin",AI Business Solutions,Consideration – Product Education,Global Content Localization,,Planned,Imported from 2026 MAR
item-0074-95db9596,2026-03-10,Post,AI Tour SH / Warm up video / -往年大会混剪,"WeChat Video, Toutiao, Bilibili, Douyin",AI Business Solutions,Awareness – Broad reach – mindshare,Local Creation,,Planned,Imported from 2026 MAR
item-0075-11f6f0f7,2026-03-11,Post,Microsoft and Mercedes-AMG PETRONAS F1 Team unite to drive innovation from factory to circuit,"WeChat, Toutiao",AI Business Solutions,Awareness – Broad reach – mindshare,Global Content Localization,,Planned,Imported from 2026 MAR
item-0076-ac98f0ef,2026-03-12,Post,AI有约 - QI 第二期,WeChat Video,AI Business Solutions,Awareness – Broad reach – mindshare,Local Stakeholder,,Planned,Imported from 2026 MAR
item-0077-42e46e90,2026-03-12,Post,工作中，我说的vs我实际想表达的,Douyin,AI Business Solutions,Awareness – Fan Building,Global Content Localization,,Planned,Imported from 2026 MAR
item-0078-a88681ba,2026-03-13,Post,Microsoft and Mercedes-AMG PETRONAS F1 Team unite to drive innovation from factory to circuit,Douyin,AI Business Solutions,Awareness – Broad reach – mindshare,Global Content Localization,,Planned,Imported from 2026 MAR
item-0079-d481086f,2026-03-16,Post,Build官宣,"WeChat, Douyin",AI Business Solutions,Conversion – Traffic,Global Content Localization,,Planned,Imported from 2026 MAR
item-0080-c2ac8533,2026-03-17,Post,Meet Copilot Cowork: A New Way of Getting Work Done,"WeChat Video, Toutiao, Douyin",AI Business Solutions,Consideration – Product Education,Global Content Localization,,Planned,Imported from 2026 MAR
item-0081-dcf8cbc2,2026-03-18,Post,AI Tour SH / Agenda发布-测试哪个Session适合你,WeChat,AI Business Solutions,Conversion – Traffic,Local Creation,,Planned,Imported from 2026 MAR
item-0082-833ebb83,2026-03-18,Post,Plan a product launch workflow with Copilot Cowork,"WeChat Video, Toutiao, Douyin",AI Business Solutions,Consideration – Product Education,Global Content Localization,,Planned,Imported from 2026 MAR
item-0083-6189b489,2026-03-19,Post,Organize your week with Copilot Cowork,"WeChat Video, Toutiao",AI Business Solutions,Consideration – Product Education,Global Content Localization,,Planned,Imported from 2026 MAR
item-0084-2aa6b0d1,2026-03-20,Post,AI有约 - QI 第三期,WeChat Video,AI Business Solutions,Awareness – Broad reach – mindshare,Local Stakeholder,,Planned,Imported from 2026 MAR
item-0085-c66404ab,2026-03-20,Post,田老师AI Tour SH,Douyin,AI Business Solutions,Awareness – Fan Building,Local Creation,,Planned,Imported from 2026 MAR
item-0086-17240889,2026-03-23,Post,PR投稿制造业案例,"WeChat, Toutiao",AI Business Solutions,Awareness – Broad reach – mindshare,Local Stakeholder,,Planned,Imported from 2026 MAR
item-0087-b8e2dbdf,2026-03-24,Post,How an AI tool is helping U.K. clinicians save time and be present with patients,"WeChat Video, Toutiao, Douyin",AI Business Solutions,Awareness – Broad reach – mindshare,Global Content Localization,,Planned,Imported from 2026 MAR
item-0088-86c868dc,2026-03-25,Post,Show that blinking cursor who's boss with Agent Mode in Word,Douyin,AI Business Solutions,Consideration – Product Education,Global Content Localization,,Planned,Imported from 2026 MAR
item-0089-425f556f,2026-03-26,Post,AI Tour SH / Welcome video / WQ,"WeChat Video, Douyin",AI Business Solutions,Awareness – Broad reach – mindshare,Local Creation,,Planned,Imported from 2026 MAR
item-0090-efdf7eef,2026-03-26,Post,Show that blinking cursor who's boss with Agent Mode in Word,WeChat,AI Business Solutions,Consideration – Product Education,Global Content Localization,,Planned,Imported from 2026 MAR
item-0091-bf5a543f,2026-03-27,Post,Powering weather intelligence predicting storms faster with AI using Microsoft Azure and NVIDIA GPUs.,"WeChat Video, Douyin",AI Business Solutions,Awareness – Broad reach – mindshare,Global Content Localization,,Planned,Imported from 2026 MAR
item-0092-5791db77,2026-03-28,Post,PR活动投稿,WeChat,AI Business Solutions,Awareness – Advocacy,Local Stakeholder,,Planned,Imported from 2026 MAR
item-0093-c74841e7,2026-03-30,Post,PR活动投稿,WeChat,AI Business Solutions,Awareness – Advocacy,Local Stakeholder,,Planned,Imported from 2026 MAR
item-0094-0ae92e7c,2026-04-02,Post,AI Tour SH / Welcome video / 大字报,"WeChat Video, Douyin",AI Business Solutions,Awareness – Broad reach – mindshare,Local Creation,,Planned,Imported from 2026 APR
item-0095-2711ef50,2026-04-03,Post,Premium League,"WeChat Video, Toutiao, Bilibili, Douyin",AI Business Solutions,Awareness – Broad reach – mindshare,Global Content Localization,,Planned,Imported from 2026 APR
item-0096-a0cf362d,2026-04-03,Post,Premium League / 文中插入视频,WeChat,AI Business Solutions,Awareness – Broad reach – mindshare,Global Content Localization,,Planned,Imported from 2026 APR
item-0097-92ef07b5,2026-04-04,Campaign,清明节,,Others,Awareness – Broad Reach,Local Stakeholder,清明节,Planned,Campaign/event imported from FY27 Operation Calendar 2026-04
item-0098-ae6f4e2d,2026-04-06,Campaign,清明节,,Others,Awareness – Broad Reach,Local Stakeholder,清明节,Planned,Campaign/event imported from FY27 Operation Calendar 2026-04
item-0099-ba4ba61d,2026-04-07,Post,Superconductors in datacenters: A breakthrough for power infrastructure,"WeChat, Toutiao",AI Business Solutions,Awareness – Broad reach – mindshare,Global Content Localization,,Planned,Imported from 2026 APR
item-0100-3de5881e,2026-04-08,Post,AI公益黑客松,WeChat,AI Business Solutions,Awareness – Broad reach – mindshare,Local Creation,,Planned,Imported from 2026 APR
item-0101-e051148b,2026-04-08,Post,copilot voice如何自如转换语言,"WeChat Video, Douyin",AI Business Solutions,Consideration – Product Education,Global Content Localization,,Planned,Imported from 2026 APR
item-0102-fdaacaae,2026-04-09,Post,AI Tour SH / Speaker posters,"WeChat, Douyin",AI Business Solutions,Conversion – Traffic,Local Creation,,Planned,Imported from 2026 APR
item-0103-a11c7116,2026-04-09,Post,PowerPoint Agent in Microsoft 365 Copilot,"WeChat Video, Douyin",AI Business Solutions,Consideration – Product Education,Global Content Localization,,Planned,Imported from 2026 APR
item-0104-26623c91,2026-04-10,Post,AI有约-Janet Chen快问快答,"WeChat Video, Douyin",AI Business Solutions,Awareness – Broad reach – mindshare,Local Stakeholder,,Planned,Imported from 2026 APR
item-0105-c9441fd9,2026-04-13,Post,How to Create Daily Writing Prompts Using Copilot in Word,"WeChat Video, Toutiao, Bilibili, Douyin",AI Business Solutions,Consideration – Product Education,Global Content Localization,,Planned,Imported from 2026 APR
item-0106-baa41c51,2026-04-14,Post,AI Tour SH / Count Down Poster - 7days,"WeChat, Douyin",AI Business Solutions,Conversion – Traffic,Local Stakeholder,,Planned,Imported from 2026 APR
item-0107-e04c4bf6,2026-04-15,Campaign,BizApps活动,,Others,Awareness – Broad Reach,Local Stakeholder,BizApps活动,Planned,Campaign/event imported from FY27 Operation Calendar 2026-04
item-0108-cd7fff4f,2026-04-15,Post,copilot in excel,"WeChat Video, Douyin",AI Business Solutions,Consideration – Product Education,Global Content Localization,,Planned,Imported from 2026 APR
item-0109-ec55522b,2026-04-16,Post,AI@Work: Stop blaming AI and start deciding,"WeChat, Toutiao",AI Business Solutions,Awareness – Broad reach – mindshare,Global Content Localization,,Planned,Imported from 2026 APR
item-0110-ea447c11,2026-04-16,Post,Speak Finance with Copilot in Excel,"WeChat Video, Douyin",AI Business Solutions,Awareness – Broad reach – mindshare,Global Content Localization,,Planned,Imported from 2026 APR
item-0111-cc9fa03b,2026-04-17,Post,午休/放松时间,Douyin,AI Business Solutions,Awareness – Fan Building,Global Content Localization,,Planned,Imported from 2026 APR
item-0112-75876096,2026-04-20,Post,AI Tour SH / Count Down Poster,"WeChat, Douyin",AI Business Solutions,Conversion – Traffic,Local Stakeholder,,Planned,Imported from 2026 APR
item-0113-9b14accf,2026-04-20,Post,POV1-小编探场,WeChat Video,AI Business Solutions,Consideration – Product Education,Local Creation,,Planned,Imported from 2026 APR
item-0114-b5e32aee,2026-04-20,Post,POV1小编探场,Douyin,AI Business Solutions,Consideration – Community,Local Creation,,Planned,Imported from 2026 APR
item-0115-dc662f89,2026-04-21,Campaign,AI Tour SH,,Others,Awareness – Broad Reach,Local Stakeholder,AI Tour SH,Planned,Campaign/event imported from FY27 Operation Calendar 2026-04
item-0116-d1c06207,2026-04-21,Post,AI Tour SH / PR annoucement,"WeChat, Toutiao",AI Business Solutions,Awareness – Broad reach – mindshare,Local Stakeholder,,Planned,Imported from 2026 APR
item-0117-1b9e25f1,2026-04-21,Post,POV2,Douyin,AI Business Solutions,Consideration – Community,Local Creation,,Planned,Imported from 2026 APR
item-0118-a8689934,2026-04-21,Post,周大福案例,WeChat,AI Business Solutions,Awareness – Broad reach – mindshare,Local Stakeholder,,Planned,Imported from 2026 APR
item-0119-7999586f,2026-04-22,Post,AI Tour SH / Highlight Video,Douyin,AI Business Solutions,Awareness – Broad reach – mindshare,Local Creation,,Planned,Imported from 2026 APR
item-0120-29c9c2ce,2026-04-22,Post,YingXi案例,WeChat,AI Business Solutions,Awareness – Broad reach – mindshare,Local Stakeholder,,Planned,Imported from 2026 APR
item-0121-109e6ff5,2026-04-23,Post,AI Tour SH / Highlight Video,"Toutiao, Douyin",AI Business Solutions,Awareness – Broad reach – mindshare,Local Creation,,Planned,Imported from 2026 APR
item-0122-1ce67585,2026-04-23,Post,Build - 龙虾创始人 / Peter Steinberger / 与TW保持一致,"WeChat, Douyin",AI Business Solutions,Awareness – Broad reach – mindshare,Global Content Localization,,Planned,Imported from 2026 APR
item-0123-d266853f,2026-04-23,Post,多点案例,"WeChat Video, Douyin",AI Business Solutions,Awareness – Fan Building,Local Stakeholder,,Planned,Imported from 2026 APR
item-0124-0e3b1025,2026-04-27,Post,AI Tour SH / This or That interview,"WeChat Video, Douyin",AI Business Solutions,Awareness – Broad reach – mindshare,Local Creation,,Planned,Imported from 2026 APR
item-0125-af43ac23,2026-04-28,Post,AI有约-Janet Chen深度对谈,"WeChat Video, Douyin",AI Business Solutions,Awareness – Broad reach – mindshare,Local Stakeholder,,Planned,Imported from 2026 APR
item-0126-e3e0f869,2026-04-28,Post,AI有约-Janet Chen深度对谈 / 完整版23min,Bilibili,AI Business Solutions,Awareness – Broad reach – mindshare,Local Stakeholder,,Planned,Imported from 2026 APR
item-0127-0d8c107b,2026-04-29,Post,Scaling insights into immunotherapy with GigaTIME,"WeChat Video, Toutiao, Bilibili, Douyin",AI Business Solutions,Awareness – Broad reach – mindshare,Global Content Localization,,Planned,Imported from 2026 APR
item-0128-05dd3f1c,2026-04-30,Post,Labor Day Campaign / Bing team,WeChat,AI Business Solutions,Consideration – Product Education,Local Stakeholder,,Planned,Imported from 2026 APR
item-0129-36e849d1,2026-05-01,Campaign,劳动节,,Others,Awareness – Broad Reach,Local Stakeholder,劳动节,Planned,Campaign/event imported from FY27 Operation Calendar 2026-05
item-0130-67d26d46,2026-05-06,Post,预留Security视频 / - Kassidy,"WeChat Video, Douyin",AI Business Solutions,Awareness – Broad reach – mindshare,Local Creation,,Planned,Imported from 2026 MAY
item-0131-83c4cc97,2026-05-07,Post,Build Session,"WeChat, Douyin",AI Business Solutions,Awareness – Broad reach – mindshare,Global Content Localization,,Planned,Imported from 2026 MAY
item-0132-bd758079,2026-05-07,Post,Let Copilot in Excel turn it into a dashboard in seconds.,"WeChat Video, Douyin",AI Business Solutions,Consideration – Product Education,Global Content Localization,,Planned,Imported from 2026 MAY
item-0133-cef29236,2026-05-08,Post,实用tips——当遇到另一个“#REF!”错误时，copilot in excel怎么帮助你,"WeChat Video, Douyin",AI Business Solutions,Consideration – Product Education,Global Content Localization,,Planned,Imported from 2026 MAY
item-0134-27e0589a,2026-05-08,Post,深圳出海中心开业,WeChat,AI Business Solutions,Awareness – Broad reach – mindshare,Local Stakeholder,,Planned,Imported from 2026 MAY
item-0135-d8d5da39,2026-05-09,Campaign,调休上班,,Others,Awareness – Broad Reach,Local Stakeholder,调休上班,Planned,Campaign/event imported from FY27 Operation Calendar 2026-05
item-0136-9fd3105c,2026-05-11,Post,AI Tour 孵化器session,WeChat,AI Business Solutions,Awareness – Broad reach – mindshare,Local Stakeholder,,Planned,Imported from 2026 MAY
item-0137-b5b70a81,2026-05-11,Post,"It’s serious business, I swear. / Outlook& Teams合并成一篇",Douyin,AI Business Solutions,Awareness – Fan Building,Global Content Localization,,Planned,Imported from 2026 MAY
item-0138-f663c38e,2026-05-12,Campaign,512纪念日静默,,Others,Awareness – Broad Reach,Local Stakeholder,512纪念日静默,Planned,Campaign/event imported from FY27 Operation Calendar 2026-05
item-0139-4bfbaf31,2026-05-13,Post,AI有约-Yue Ma / 快问快答,"WeChat Video, Douyin",AI Business Solutions,Awareness – Broad reach – mindshare,Local Stakeholder,,Planned,Imported from 2026 MAY
item-0140-65cb5581,2026-05-13,Post,纳斯达克案例,"WeChat, Toutiao",AI Business Solutions,Awareness – Broad reach – mindshare,Global Content Localization,,Planned,Imported from 2026 MAY
item-0141-0fae90f6,2026-05-14,Post,深圳出海中心投入使用,WeChat Video,AI Business Solutions,Awareness – Broad reach – mindshare,Local Stakeholder,,Planned,Imported from 2026 MAY
item-0142-64ea7c3b,2026-05-15,Post,Consideration – Product education,Douyin,AI Business Solutions,Global Content Localization,Local Creation,,Planned,Imported from 2026 MAY
item-0143-8e335522,2026-05-15,Post,Global Content Localization,Bilibili,AI Business Solutions,Consideration – Product Education,Local Creation,,Planned,Imported from 2026 MAY
item-0144-afe643c8,2026-05-15,Post,Microsoft 365 Copilot 在 PPT 中如何帮助你生成pitch,"WeChat Video, Toutiao, Douyin",AI Business Solutions,Consideration – Product Education,Global Content Localization,,Planned,Imported from 2026 MAY
item-0145-40d18a28,2026-05-19,Campaign,Surface announce 21:00,,Others,Awareness – Broad Reach,Local Stakeholder,Surface announce 21:00,Planned,Campaign/event imported from FY27 Operation Calendar 2026-05
item-0146-0f23149f,2026-05-19,Post,Build 预热视频,"WeChat Video, Douyin",AI Business Solutions,Conversion – Traffic,Local Creation,,Planned,Imported from 2026 MAY
item-0147-07204244,2026-05-20,Post,当年家里电脑最常见的画面,"WeChat Video, Douyin",AI Business Solutions,Awareness – Fan Building,Global Content Localization,,Planned,Imported from 2026 MAY
item-0148-6164512f,2026-05-21,Post,36Kr完整采访,"WeChat Video, Douyin",AI Business Solutions,Awareness – Broad reach – mindshare,Local Creation,,Planned,Imported from 2026 MAY
item-0149-bef5a0f5,2026-05-21,Post,Surface announcement / 时间有可能调整到21/22日,"WeChat, Toutiao",AI Business Solutions,Awareness – Broad reach – mindshare,Local Stakeholder,,Planned,Imported from 2026 MAY
item-0150-a670836f,2026-05-22,Post,AI Tour SH / Customer interview -OPPO,"WeChat Video, Douyin",AI Business Solutions,Awareness – Broad reach – mindshare,Local Creation,,Planned,Imported from 2026 MAY
item-0151-fd3720b9,2026-05-22,Post,微软与苏州市战略合作 / TBD看审核结果,WeChat,AI Business Solutions,Awareness – Broad reach – mindshare,Local Stakeholder,,Planned,Imported from 2026 MAY
item-0152-575d6381,2026-05-25,Post,PR投稿,WeChat,AI Business Solutions,Awareness – Broad reach – mindshare,Local Stakeholder,,Planned,Imported from 2026 MAY
item-0153-aba9ec32,2026-05-25,Post,如何用Copilot in excel聪明的管理月度预算,"WeChat Video, Toutiao, Douyin",AI Business Solutions,Consideration – Product Education,Global Content Localization,,Planned,Imported from 2026 MAY
item-0154-0b39100c,2026-05-26,Post,36K快剪,"WeChat Video, Douyin",AI Business Solutions,Awareness – Broad reach – mindshare,Local Creation,,Planned,Imported from 2026 MAY
item-0155-0f85528c,2026-05-27,Post,AI有约-Yue Ma / 深度对谈,"WeChat Video, Douyin",AI Business Solutions,Awareness – Broad reach – mindshare,Local Stakeholder,,Planned,Imported from 2026 MAY
item-0156-fb4aac8c,2026-05-27,Post,OPE新书发布,WeChat,AI Business Solutions,Awareness – Broad reach – mindshare,Local Stakeholder,,Planned,Imported from 2026 MAY
item-0157-e0a9e517,2026-05-28,Post,SoftBank Customer Story,"WeChat, Toutiao",AI Business Solutions,Awareness – Broad reach – mindshare,Global Content Localization,,Planned,Imported from 2026 MAY
item-0158-6ccc0b35,2026-05-29,Post,Security Digest,WeChat,AI Business Solutions,Awareness – Broad reach – mindshare,Local Stakeholder,,Planned,Imported from 2026 MAY
item-0159-524c1371,2026-05-29,Post,TW自制copilot教学,WeChat Video,AI Business Solutions,Consideration – Product Education,Local Creation,,Planned,Imported from 2026 MAY
item-0160-64db8a77,2026-05-29,Post,当上司走进了撞见你们开小差......,Douyin,AI Business Solutions,Awareness – Fan Building,Global Content Localization,,Planned,Imported from 2026 MAY
item-0161-caf9c1a9,2026-06-01,Campaign,儿童节,,Others,Awareness – Broad Reach,Local Stakeholder,儿童节,Planned,Campaign/event imported from FY27 Operation Calendar 2026-06
item-0162-25927f09,2026-06-01,Post,你是哪种开发者？,Douyin,AI Business Solutions,Conversion – Traffic,Global Content Localization,,Planned,Imported from 2026 JUN
item-0163-30ab3be6,2026-06-02,Campaign,Build,,Others,Awareness – Broad Reach,Local Stakeholder,Build,Planned,Campaign/event imported from FY27 Operation Calendar 2026-06
item-0164-740cdb40,2026-06-02,Post,OPE新书发布,WeChat Video,AI Business Solutions,Awareness – Broad reach – mindshare,Global Content Localization,,Planned,Imported from 2026 JUN
item-0165-1be4a639,2026-06-03,Campaign,Build,,Others,Awareness – Broad Reach,Local Stakeholder,Build,Planned,Campaign/event imported from FY27 Operation Calendar 2026-06
item-0166-5965b6ef,2026-06-03,Post,Build发布,"WeChat, Toutiao",AI Business Solutions,Awareness – Broad reach – mindshare,Local Stakeholder,,Planned,Imported from 2026 JUN
item-0167-2e31d341,2026-06-04,Post,Surface最新发布 × NVIDIA,WeChat,AI Business Solutions,Awareness – Broad reach – mindshare,Local Stakeholder,,Planned,Imported from 2026 JUN
item-0168-c0802271,2026-06-04,Post,What do you want to build today?,"WeChat Video, Toutiao, Bilibili, Douyin",AI Business Solutions,Awareness – Broad reach – mindshare,Global Content Localization,,Planned,Imported from 2026 JUN
item-0169-4f350925,2026-06-05,Post,GIVE京西水源地环境日活动,WeChat Video,AI Business Solutions,Awareness – Broad reach – mindshare,Local Stakeholder,,Planned,Imported from 2026 JUN
item-0170-798cf585,2026-06-08,Post,Build - 卢老师解读,"WeChat Video, Douyin",AI Business Solutions,Awareness – Broad reach – mindshare,Global Content Localization,,Planned,Imported from 2026 JUN
item-0171-45ae596a,2026-06-08,Post,Build总结 - 5大发布,"WeChat, Douyin",AI Business Solutions,Awareness – Broad reach – mindshare,Global Content Localization,,Planned,Imported from 2026 JUN
item-0172-4f60cb3a,2026-06-08,Post,Introducing Majorana 2 - YouTube,"WeChat Video, Toutiao, Bilibili, Douyin",AI Business Solutions,Awareness – Broad reach – mindshare,Local Creation,,Planned,Imported from 2026 JUN
item-0173-f4cba0aa,2026-06-09,Post,AI有约-JoyMe / 客户对谈,"WeChat Video, Douyin",AI Business Solutions,Awareness – Broad reach – mindshare,Local Stakeholder,,Planned,Imported from 2026 JUN
item-0174-59881d7e,2026-06-09,Post,AI有约-JoyMe / 客户对谈 / 完整版30min,Bilibili,AI Business Solutions,Awareness – Broad reach – mindshare,Local Stakeholder,,Planned,Imported from 2026 JUN
item-0175-ec4ba285,2026-06-09,Post,Autopilots: Satya Nadella at Microsoft Build 2026 / 10号发布,Toutiao,AI Business Solutions,Awareness – Broad reach – mindshare,Local Creation,,Planned,Imported from 2026 JUN
item-0176-a4e8b641,2026-06-09,Post,Satya 2min recap,"WeChat Video, Toutiao, Bilibili, Douyin",AI Business Solutions,Awareness – Broad reach – mindshare,Global Content Localization,,Planned,Imported from 2026 JUN
item-0177-03603d5c,2026-06-09,Post,Surface announcement / 每周一款，小绿书,WeChat,AI Business Solutions,Awareness – Broad reach – mindshare,Local Creation,,Planned,Imported from 2026 JUN
item-0178-f5ae65f9,2026-06-10,Post,Autopilots: Satya Nadella at Microsoft Build 2025,Douyin,AI Business Solutions,Awareness – Broad reach – mindshare,Local Creation,,Planned,Imported from 2026 JUN
item-0179-d6172126,2026-06-10,Post,Autopilots: Satya Nadella at Microsoft Build 2026,"WeChat Video, Douyin",AI Business Solutions,Awareness – Broad reach – mindshare,Global Content Localization,,Planned,Imported from 2026 JUN
item-0180-a5a20368,2026-06-10,Post,Conversation with NVIDIA Founder and CEO Jensen Huang: Satya Nadella at Microsoft Build 2026,"WeChat Video, Toutiao, Bilibili, Douyin",AI Business Solutions,Awareness – Broad reach – mindshare,Local Creation,,Planned,Imported from 2026 JUN
item-0181-f9e6350a,2026-06-10,Post,"New MAI models in Microsoft Foundry across text, image, voice, and speech / 转载 - Azure",WeChat,AI Business Solutions,Awareness – Broad reach – mindshare,Local Creation,,Planned,Imported from 2026 JUN
item-0182-2964f3de,2026-06-11,Post,Bing世界杯开幕,WeChat,AI Business Solutions,Awareness – Broad reach – mindshare,Global Content Localization,,Planned,Imported from 2026 JUN
item-0183-fbda3c64,2026-06-12,Post,Project Solara: A new vision for agent-first computing,"WeChat Video, Toutiao, Bilibili, Douyin",AI Business Solutions,Awareness – Broad reach – mindshare,Global Content Localization,,Planned,Imported from 2026 JUN
item-0184-38201361,2026-06-12,Post,Surface Ultra,"WeChat Video, Toutiao, Bilibili, Douyin",AI Business Solutions,Awareness – Broad reach – mindshare,Global Content Localization,,Planned,Imported from 2026 JUN
item-0185-333966b5,2026-06-15,Post,AI Tour SH / Customer interview -Fuzozo,"WeChat Video, Douyin",AI Business Solutions,Awareness – Broad reach – mindshare,Local Creation,,Planned,Imported from 2026 JUN
item-0186-111e0a5f,2026-06-15,Post,Bing高考 / Pending,WeChat,AI Business Solutions,Awareness – Broad reach – mindshare,Global Content Localization,,Planned,Imported from 2026 JUN
item-0187-4c098213,2026-06-16,Campaign,Surface,,Others,Awareness – Broad Reach,Local Stakeholder,Surface,Planned,Campaign/event imported from FY27 Operation Calendar 2026-06
item-0188-b8e8fc0d,2026-06-16,Post,如何用Copilot在outlook中管理邮件,"WeChat Video, Toutiao, Bilibili, Douyin",AI Business Solutions,Consideration – Product Education,Global Content Localization,,Planned,Imported from 2026 JUN
item-0189-93a31d7d,2026-06-17,Post,AI Tour SH / Customer interview -联想,"WeChat Video, Douyin",AI Business Solutions,Awareness – Broad reach – mindshare,Local Creation,,Planned,Imported from 2026 JUN
item-0190-942e506c,2026-06-17,Post,Surface announcement,WeChat,AI Business Solutions,Awareness – Broad reach – mindshare,Local Creation,,Planned,Imported from 2026 JUN
item-0191-f7e7529a,2026-06-17,Post,Surface announcement / -PR,Toutiao,AI Business Solutions,Awareness – Broad reach – mindshare,Local Creation,,Planned,Imported from 2026 JUN
item-0192-d71beb2a,2026-06-18,Post,端午节,"WeChat Video, Douyin",AI Business Solutions,Awareness – Fan Building,Local Creation,,Planned,Imported from 2026 JUN
item-0193-81ecb313,2026-06-18,Post,端午节 海报,Bilibili,AI Business Solutions,Consideration – Product Education,Local Creation,,Planned,Imported from 2026 JUN
item-0194-cca09761,2026-06-19,Campaign,端午节,,Others,Awareness – Broad Reach,Local Stakeholder,端午节,Planned,Campaign/event imported from FY27 Operation Calendar 2026-06
item-0195-c0578819,2026-06-21,Campaign,父亲节,,Others,Awareness – Broad Reach,Local Stakeholder,父亲节,Planned,Campaign/event imported from FY27 Operation Calendar 2026-06
item-0196-e2ecff47,2026-06-22,Post,2026 Work Trend Index Annual Report: 5 AI Thought Leaders on the Future of Work,"WeChat Video, Toutiao, Douyin",AI Business Solutions,Awareness – Broad reach – mindshare,Global Content Localization,,Planned,Imported from 2026 JUN
item-0197-5ca8a622,2026-06-22,Post,Surface announcement / 第二款,WeChat,AI Business Solutions,Awareness – Broad reach – mindshare,Local Creation,,Planned,Imported from 2026 JUN
item-0198-0f8c8c52,2026-06-23,Post,WTI,"WeChat, Toutiao",AI Business Solutions,Awareness – Broad reach – mindshare,Local Creation,,Planned,Imported from 2026 JUN
item-0199-688ba818,2026-06-24,Post,AI Tour SH / Customer interview -复星医药,"WeChat Video, Douyin",AI Business Solutions,Awareness – Broad reach – mindshare,Local Creation,,Planned,Imported from 2026 JUN
item-0200-48acd205,2026-06-24,Post,WTI- 赛跑,"WeChat, Douyin",AI Business Solutions,Awareness – Broad reach – mindshare,Local Creation,,Planned,Imported from 2026 JUN
item-0201-f8cf644e,2026-06-25,Post,AI有约-Com&Lan / 客户对谈,"WeChat Video, Douyin",AI Business Solutions,Awareness – Broad reach – mindshare,Local Stakeholder,,Planned,Imported from 2026 JUN
item-0202-03f27afa,2026-06-25,Post,Surface announcement / 第三款,WeChat,AI Business Solutions,Awareness – Broad reach – mindshare,Local Creation,,Planned,Imported from 2026 JUN
item-0203-32de120c,2026-06-26,Post,Rick解读WTI-1,"WeChat Video, Douyin",AI Business Solutions,Awareness – Broad reach – mindshare,Local Creation,,Planned,Imported from 2026 JUN
item-0204-7517cc26,2026-06-26,Post,WTI- 赛跑 / B test,Douyin,AI Business Solutions,Awareness – Broad reach – mindshare,Local Creation,,Planned,Imported from 2026 JUN
item-0205-97a957cc,2026-06-29,Post,How to Proofread with Copilot in Word | Microsoft 365,"WeChat Video, Toutiao",AI Business Solutions,Consideration – Product Education,Global Content Localization,,Planned,Imported from 2026 JUN
item-0206-3ea49c2e,2026-06-30,Post,Hertz Customer Story,"WeChat, Toutiao",AI Business Solutions,Awareness – Broad reach – mindshare,Global Content Localization,,Planned,Imported from 2026 JUN
item-0207-6f61826d,2026-06-30,Post,Meet Copilot Cowork,"WeChat Video, Toutiao",AI Business Solutions,Awareness – Broad reach – mindshare,Global Content Localization,,Planned,Imported from 2026 JUN
item-0208-0b2f9bf1,2026-07-01,Post,6月素材 Email Anxiety 1&3,Douyin,AI Business Solutions,Consideration – Product Education,Global Content Localization,,Planned,Imported from 2026 JUL
item-0209-e9dba0be,2026-07-02,Post,6月素材 Yappers,Douyin,AI Business Solutions,Consideration – Product Education,Global Content Localization,,Planned,Imported from 2026 JUL
item-0210-5e1f60b4,2026-07-02,Post,Surface announcement - 5月第一波开售,WeChat,AI Business Solutions,Awareness – Broad reach – mindshare,Local Creation,,Planned,Imported from 2026 JUL
item-0211-0ae0879f,2026-07-03,Post,WTI-Global vs Local,"WeChat Video, Douyin",AI Business Solutions,Awareness – Broad reach – mindshare,Local Stakeholder,,Planned,Imported from 2026 JUL
item-0212-7c22ae48,2026-07-06,Post,6月素材 X Factor,Douyin,AI Business Solutions,Awareness – Fan Building,Global Content Localization,,Planned,Imported from 2026 JUL
item-0213-75b59ce5,2026-07-06,Post,Surface announcement - 第一款,WeChat,AI Business Solutions,Awareness – Broad reach – mindshare,Local Creation,,Planned,Imported from 2026 JUL
item-0214-53d09769,2026-07-06,Post,Turns out a year’s worth of data doesn’t have to take a year to sort through. Copilot Cowork makes it easier.,"WeChat Video, Douyin",AI Business Solutions,Consideration – Product Education,Global Content Localization,,Planned,Imported from 2026 JUL
item-0215-897bcd1b,2026-07-07,Campaign,暂停,,Others,Awareness – Broad Reach,Local Stakeholder,暂停,Planned,Campaign/event imported from FY27 Operation Calendar 2026-07
item-0216-ed03acb3,2026-07-08,Campaign,暂停,,Others,Awareness – Broad Reach,Local Stakeholder,暂停,Planned,Campaign/event imported from FY27 Operation Calendar 2026-07
item-0217-79cc170a,2026-07-09,Post,Engagement- 跟 AI 共事一年后，它会怎么画你？,"WeChat, Douyin",AI Business Solutions,Awareness – Broad reach – mindshare,Local Stakeholder,,Planned,Imported from 2026 JUL
item-0218-9ac24adc,2026-07-10,Post,Surface announcement -第二款,WeChat,AI Business Solutions,Awareness – Broad reach – mindshare,Local Creation,,Planned,Imported from 2026 JUL
item-0219-1b075b4e,2026-07-13,Post,"All you have to do is delegate. / Let Copilot Cowork handle the research, the reports, and the heavy lifting.",Douyin,AI Business Solutions,Consideration – Product Education,Global Content Localization,,Planned,Imported from 2026 JUL
item-0220-9ac71ab7,2026-07-13,Post,Rick解读WTI-2,"WeChat Video, Douyin",AI Business Solutions,Awareness – Broad reach – mindshare,Local Creation,,Planned,Imported from 2026 JUL
item-0221-57e2d96e,2026-07-13,Post,Using AI at work: A practical 90-day guide | Microsoft Signal Blog | Microsoft,WeChat,AI Business Solutions,Awareness – Broad reach – mindshare,Global Content Localization,,Planned,Imported from 2026 JUL
item-0222-be4953c7,2026-07-14,Post,"All you have to do is delegate. / Let Copilot Cowork handle the research, the reports, and the heavy lifting.","WeChat Video, Douyin",AI Business Solutions,Consideration – Product Education,Global Content Localization,,Planned,Imported from 2026 JUL
item-0223-39d05ebe,2026-07-14,Post,Data Hurts,Douyin,AI Business Solutions,Awareness – Fan Building,Global Content Localization,,Planned,Imported from 2026 JUL
item-0224-680b93d6,2026-07-14,Post,Surface announcement - 开售,WeChat,AI Business Solutions,Awareness – Broad reach – mindshare,Local Stakeholder,,Planned,Imported from 2026 JUL
item-0225-a60c7287,2026-07-14,Post,Using AI at work: A practical 90-day guide | Microsoft Signal Blog | Microsoft,Douyin,AI Business Solutions,Awareness – Broad reach – mindshare,Global Content Localization,,Planned,Imported from 2026 JUL
item-0226-f262e4a0,2026-07-15,Post,5 Ways to Use Copilot in Outlook | Microsoft 365,"WeChat Video, Toutiao, Bilibili, Douyin",AI Business Solutions,Consideration – Product Education,Global Content Localization,,Planned,Imported from 2026 JUL
item-0227-2b2f2b40,2026-07-15,Post,Excel Training,Douyin,AI Business Solutions,Awareness – Fan Building,Global Content Localization,,Planned,Imported from 2026 JUL
item-0228-f5ec17a1,2026-07-16,Campaign,M365发布 What's New in Copilot,,Others,Awareness – Broad Reach,Local Stakeholder,M365发布 What's New in Copilot,Planned,Campaign/event imported from FY27 Operation Calendar 2026-07
item-0229-6d545f80,2026-07-16,Post,Engagement- 上台阶,"WeChat, Douyin",AI Business Solutions,Awareness – Broad reach – mindshare,Local Creation,,Planned,Imported from 2026 JUL
item-0230-673e9be1,2026-07-16,Post,Hank's Pizza / BAR,"WeChat Video, Douyin",AI Business Solutions,Awareness – Broad reach – mindshare,Global Content Localization,,Planned,Imported from 2026 JUL
item-0231-eac7f828,2026-07-17,Post,Copilot / 日常工作技巧 - 世界杯,"WeChat, Douyin",AI Business Solutions,Awareness – Broad reach – mindshare,Local Creation,,Planned,Imported from 2026 JUL
item-0232-0f822f8d,2026-07-17,Post,Some Teams statuses hit harder than others,Douyin,AI Business Solutions,Awareness – Fan Building,Global Content Localization,,Planned,Imported from 2026 JUL
item-0233-e0742e59,2026-07-20,Post,FTW-Speaker Carousel,"WeChat, Douyin",AI Business Solutions,Awareness – Broad reach – mindshare,Local Creation,,Planned,Imported from 2026 JUL
item-0234-b58f6d27,2026-07-21,Post,Inside Porsche Cup Brasil’s AI-powered race operations,WeChat,AI Business Solutions,Awareness – Broad reach – mindshare,Global Content Localization,,Planned,Imported from 2026 JUL
item-0235-cd484943,2026-07-21,Post,Inside Porsche Cup Brasil’s AI-powered race operations / 多图,Douyin,AI Business Solutions,Awareness – Broad reach – mindshare,Global Content Localization,,Planned,Imported from 2026 JUL
item-0236-f1f468d5,2026-07-22,Post,Build a Profit and Loss Statement in Excel (Beginner Friendly) | Microsoft 365 - YouTube,"WeChat Video, Toutiao, Douyin",AI Business Solutions,Consideration – Product Education,Global Content Localization,,Planned,Imported from 2026 JUL
item-0237-3418b5c8,2026-07-22,Post,Workflow,Douyin,AI Business Solutions,Awareness – Fan Building,Local Creation,,Planned,Imported from 2026 JUL
item-0238-aab9b317,2026-07-23,Post,ABB Customer Story,"WeChat, Toutiao",AI Business Solutions,Awareness – Broad reach – mindshare,Global Content Localization,,Planned,Imported from 2026 JUL
item-0239-3dbdb6cf,2026-07-23,Post,Let's see Copilot make those doodles though,Douyin,AI Business Solutions,Awareness – Fan Building,Local Creation,,Planned,Imported from 2026 JUL
item-0240-c294dcfc,2026-07-24,Post,Engagement- 结局反转-Cowork让复杂的工作变简单,"WeChat Video, Douyin",AI Business Solutions,Awareness – Broad reach – mindshare,Local Creation,,Planned,Imported from 2026 JUL
item-0241-6d783ac3,2026-07-24,Post,Try this,Douyin,AI Business Solutions,Awareness – Fan Building,Local Creation,,Planned,Imported from 2026 JUL
item-0242-30df92dc,2026-07-28,Post,FTW：Leader Video,WeChat Video,AI Business Solutions,Awareness – Broad reach – mindshare,Local Creation,,Planned,Imported from 2026 JUL
item-0243-a380f084,2026-07-28,Post,MSRA投稿-微软张祺出席 2026 年 APEC 数智赋能高级别对话,WeChat,AI Business Solutions,Awareness – Broad reach – mindshare,Local Stakeholder,,Planned,Imported from 2026 JUL
item-0244-df2c56ce,2026-07-28,Post,"The real workplace horror isn’t the workload, it’s hearing a Teams notification at 4:59pm. 😂",Douyin,AI Business Solutions,Awareness – Fan Building,Local Creation,,Planned,Imported from 2026 JUL
item-0245-42bfc173,2026-07-29,Campaign,M365发布 What's New in Copilot,,Others,Awareness – Broad Reach,Local Stakeholder,M365发布 What's New in Copilot,Planned,Campaign/event imported from FY27 Operation Calendar 2026-07
item-0246-17b9fb9e,2026-07-29,Post,5 Copilot in Excel Tips to Try Today,"WeChat Video, Toutiao, Douyin",AI Business Solutions,Consideration – Product Education,Global Content Localization,,Planned,Imported from 2026 JUL
item-0247-42c0d681,2026-07-29,Post,华映资本×微软- 孵化器,WeChat,AI Business Solutions,Awareness – Broad reach – mindshare,Global Content Localization,,Planned,Imported from 2026 JUL
item-0248-6d90fba5,2026-07-30,Post,AI @ Work / The AI you don't notice is the AI that's working,WeChat,AI Business Solutions,Awareness – Broad reach – mindshare,Global Content Localization,,Planned,Imported from 2026 JUL
item-0249-1f9dd2b3,2026-07-31,Post,Engagement-POV：当我给AI布置工作时,"WeChat Video, Douyin",AI Business Solutions,Awareness – Broad reach – mindshare,Local Creation,,Planned,Imported from 2026 JUL
item-0250-edd60f93,2026-08-03,Post,Write Website Copy with Copilot in Word,"WeChat Video, Toutiao, Bilibili, Douyin",AI Business Solutions,Consideration – Product Education,Global Content Localization,,Planned,Imported from 2026 AUG
item-0251-be983501,2026-08-04,Post,"Andy Doyle on AI at scale: How Kantar unlocked 15,000 agents","WeChat, Toutiao",AI Business Solutions,Awareness – Broad Reach,Global Content Localization,,Planned,Imported from 2026 AUG
item-0252-44334c88,2026-08-05,Post,Analyze Data in Seconds,"WeChat Video, Toutiao, Bilibili, Douyin",AI Business Solutions,Consideration – Product Education,Global Content Localization,,Planned,Imported from 2026 AUG
item-0253-8bc58026,2026-08-05,Post,Copilot/Agent / 专栏 - chat cowork agent多图,"WeChat, Douyin",AI Business Solutions,Awareness – Broad Reach,Local Creation,,Planned,Imported from 2026 AUG
item-0254-c7a0a3d4,2026-08-06,Post,Stellantis accelerates AI-led strategy and digital transformation through strategic collaboration with Microsoft to enhance customer experiences,"WeChat, Toutiao",AI Business Solutions,Awareness – Broad reach – mindshare,Global Content Localization,,Planned,Imported from 2026 AUG
item-0255-6103a8af,2026-08-06,Post,Top 5 Ways to use Copilot in PPT,Douyin,AI Business Solutions,Consideration – Product Education,Global Content Localization,,Planned,Imported from 2026 AUG
item-0256-fc8b905a,2026-08-07,Post,Engagement - BDMs用AI,"WeChat Video, Douyin",AI Business Solutions,Consideration – Product Education,Local Creation,,Planned,Imported from 2026 AUG
item-0257-51345136,2026-08-10,Post,2个tips教你怎么让excel中的copilot更个性化,"WeChat Video, Douyin",AI Business Solutions,Consideration – Product Education,Global Content Localization,,Planned,Imported from 2026 AUG
item-0258-a474301a,2026-08-11,Post,Aurora 1.5: Extending open foundation models for weather and Earth-system applications,"WeChat, Toutiao",AI Business Solutions,Awareness – Broad Reach,Global Content Localization,,Planned,Imported from 2026 AUG
item-0259-cb71dfb2,2026-08-11,Post,Aurora 1.5: Extending open foundation models for weather and Earth-system applications / 文字转图片,Douyin,AI Business Solutions,Awareness – Broad Reach,Global Content Localization,,Planned,Imported from 2026 AUG
item-0260-0e8baff8,2026-08-12,Post,Copilot Skilling season3： / 第二期,"WeChat Video, Toutiao, Bilibili, Douyin",AI Business Solutions,Consideration – Product Education,Local Creation,,Planned,Imported from 2026 AUG
item-0261-df52959f,2026-08-12,Post,Copilot/Agent / 专栏 - outlook邮件撰写三人格,"WeChat, Douyin",AI Business Solutions,Awareness – Broad Reach,Local Creation,,Planned,Imported from 2026 AUG
item-0262-ce9de0dd,2026-08-13,Post,Bad day? Copilot has entered the chat.,Douyin,AI Business Solutions,Awareness – Fan Building,Local Creation,,Planned,Imported from 2026 AUG
item-0263-aa7f2253,2026-08-13,Post,Top 5 Ways to use Copilot in Word,Douyin,AI Business Solutions,Consideration – Product Education,Global Content Localization,,Planned,Imported from 2026 AUG
item-0264-503d4904,2026-08-14,Post,Engagement - PPT等级,"WeChat Video, Douyin",AI Business Solutions,Consideration – Product Education,Local Creation,,Planned,Imported from 2026 AUG
item-0265-65e3be3a,2026-08-17,Post,FTW-会后金句总结,WeChat,AI Business Solutions,Awareness – Broad Reach,Local Creation,,Planned,Imported from 2026 AUG
item-0266-a3588bb9,2026-08-17,Post,copilot in excel竟能教你十字绣,Douyin,AI Business Solutions,Awareness – Fan Building,Global Content Localization,,Planned,Imported from 2026 AUG
item-0267-38b3c19c,2026-08-19,Campaign,M365发布 4 W‘s of work,,Others,Awareness – Broad Reach,Local Stakeholder,M365发布 4 W‘s of work,Planned,Campaign/event imported from FY27 Operation Calendar 2026-08
item-0268-89aeaee4,2026-08-19,Post,What They Do,"WeChat, Douyin",AI Business Solutions,Awareness – Broad Reach,Global Content Localization,,Planned,Imported from 2026 AUG
item-0269-e093195d,2026-08-20,Post,Create a Moving Checklist with Copilot,"WeChat Video, Toutiao, Douyin",AI Business Solutions,Consideration – Product Education,Global Content Localization,,Planned,Imported from 2026 AUG
item-0270-afe26a2e,2026-08-21,Post,Engagement - 同事的5分钟,Douyin,AI Business Solutions,Consideration – Product Education,Local Creation,,Planned,Imported from 2026 AUG
item-0271-a9ba0fef,2026-08-24,Post,How Commonwealth Bank and Microsoft are reimagining the future of customer service,"WeChat, Toutiao",AI Business Solutions,Awareness – Broad Reach,Global Content Localization,,Planned,Imported from 2026 AUG
